,alt,sum,brw,mhd,thd,nwr,kum,mlo,smo,cgo,ush,psa,spo
1977-01-01,,,,,,,,,,,,,
1977-02-01,,,152.154,,,153.721,,142.188,,,,,133.742
1977-03-01,,,149.855,,,151.999,,140.899,,,,,135.163
1977-04-01,,,148.306,,,150.542,,140.156,,,,,136.639
1977-05-01,,,147.766,,,149.394,,139.939,,,,,138.249
1977-06-01,,,148.204,,,149.306,,140.627,,,,,139.505
1977-07-01,,,147.928,,,149.358,,142.147,,,,,140.195
1977-08-01,,,148.234,,,149.534,,143.636,135.966,,,,140.793
1977-09-01,,,150.669,,,150.537,,144.671,135.652,,,,141.605
1977-10-01,,,153.977,,,151.918,,145.672,135.707,,,,142.342
1977-11-01,,,156.637,,,152.566,,146.652,136.135,,,,143.071
1977-12-01,,,158.097,,,152.731,,147.469,136.856,,,,143.838
1978-01-01,,,158.601,,,153.061,,148.137,138.12,,,,144.693
1978-02-01,,,158.698,,,153.748,,148.704,139.966,,,,145.654
1978-03-01,,,158.763,,,154.919,,149.147,141.727,,,,146.616
1978-04-01,,,158.692,,,156.238,,149.655,142.706,,,,147.506
1978-05-01,,,158.488,,,157.299,,150.545,143.093,,,,148.524
1978-06-01,,,158.475,,,158.297,,151.777,143.181,,,,149.529
1978-07-01,,,159.038,,,159.537,,153.057,143.341,,,,150.316
1978-08-01,,,160.589,,,161.056,,154.212,144.057,,,,151.318
1978-09-01,,,163.306,,,162.485,,155.099,145.259,,,,152.772
1978-10-01,,,166.162,,,162.874,,155.598,146.496,,,,154.169
1978-11-01,,,167.722,,,161.751,,156.047,147.875,,,,155.333
1978-12-01,,,168.177,,,160.522,,156.986,149.516,,,,156.129
1979-01-01,,,168.464,,,160.494,,158.303,150.997,,,,156.008
1979-02-01,,,168.645,,,161.317,,159.332,151.989,,,,155.384
1979-03-01,,,168.829,,,162.225,,159.58,152.337,,,,155.092
1979-04-01,,,168.976,,,162.942,,159.267,152.147,,,,155.122
1979-05-01,,,168.252,,,163.18,,159.002,151.924,,,,155.367
1979-06-01,,,167.01,,,163.114,,159.376,151.985,,,,155.924
1979-07-01,,,166.873,,,163.55,,160.868,152.401,,,,156.584
1979-08-01,,,168.225,,,164.745,,163.28,153.28,,,,157.17
1979-09-01,,,170.269,,,166.387,,165.661,154.414,,,,157.829
1979-10-01,,,172.502,,,167.867,,167.2,155.518,,,,158.363
1979-11-01,,,174.433,,,168.858,,167.777,156.736,,,,158.751
1979-12-01,,,175.651,,,169.542,,167.784,157.98,,,,159.183
1980-01-01,,,176.306,,,170.493,,168.007,158.926,,,,159.559
1980-02-01,,,176.624,,,171.971,,168.697,159.644,,,,159.787
1980-03-01,,,176.58,,,173.753,,169.273,160.268,,,,160.237
1980-04-01,,,176.312,,,175.058,,169.674,160.677,,,,161.109
1980-05-01,,,176.257,,,175.192,,170.231,160.908,,,,162.09
1980-06-01,,,176.584,,,174.716,,170.792,161.315,,,,163.124
1980-07-01,,,177.092,,,174.681,,171.6,162.067,,,,164.445
1980-08-01,,,177.891,,,175.299,,173.014,162.792,,,,165.926
1980-09-01,,,179.15,,,176.006,,174.322,163.197,,,,167.199
1980-10-01,,,180.531,,,176.336,,174.794,163.647,,,,168.03
1980-11-01,,,181.826,,,176.351,,174.795,164.435,,,,168.179
1980-12-01,,,183.011,,,176.454,,174.669,165.44,,,,167.595
1981-01-01,,,183.617,,,176.858,,174.642,166.549,,,,167.069
1981-02-01,,,183.672,,,177.546,,175.234,167.58,,,,167.313
1981-03-01,,,183.619,,,178.497,,176.498,168.171,,,,168.108
1981-04-01,,,183.55,,,179.424,,177.728,168.497,,,,168.979
1981-05-01,,,183.885,,,180.094,,178.529,169.163,,,,169.733
1981-06-01,,,184.957,,,180.75,,179.258,170.236,,,,170.421
1981-07-01,,,186.158,,,181.633,,180.31,171.398,,,,170.973
1981-08-01,,,187.123,,,182.539,,181.464,172.519,,,,171.181
1981-09-01,,,188.182,,,183.368,,182.222,173.505,,,,171.336
1981-10-01,,,189.183,,,184.036,,182.476,174.352,,,,172.056
1981-11-01,,,190.251,,,184.297,,182.451,175.249,,,,173.235
1981-12-01,,,191.699,,,184.291,,182.379,176.24,,,,174.378
1982-01-01,,,192.943,,,184.738,,182.516,177.072,,,,175.311
1982-02-01,,,193.352,,,185.787,,183.088,177.67,,,,175.713
1982-03-01,,,193.126,,,186.982,,183.948,178.081,,,,175.711
1982-04-01,,,192.512,,,188.123,,184.622,178.414,,,,176.065
1982-05-01,,,191.602,,,189.07,,184.991,178.905,,,,176.869
1982-06-01,,,191.039,,,189.551,,185.387,179.573,,,,177.65
1982-07-01,,,191.358,,,189.724,,186.107,180.296,,,,178.301
1982-08-01,,,192.488,,,190.104,,187.117,180.944,,,,178.995
1982-09-01,,,194.2,,,190.876,,188.196,181.505,,,,179.671
1982-10-01,,,196.331,,,191.899,,188.975,182.027,,,,180.332
1982-11-01,,,198.331,,,192.922,,189.342,182.635,,,,180.986
1982-12-01,,,199.654,,,193.801,,189.75,183.462,,,,181.647
1983-01-01,,,200.231,,,194.645,,190.498,184.518,,,,182.316
1983-02-01,,,200.165,,,195.758,,191.467,185.602,,,,182.983
1983-03-01,,,199.935,,,197.236,,192.722,186.415,,,,183.661
1983-04-01,,,200.256,,,198.546,,194.381,187.013,,,,184.375
1983-05-01,,,201.034,,,199.027,,196.09,187.394,,,,185.101
1983-06-01,,,201.62,,,198.838,,197.491,187.537,,,,185.788
1983-07-01,,,202.077,,,198.789,,198.521,187.755,,,,186.462
1983-08-01,,,202.805,,,199.342,,198.973,188.232,,,,187.137
1983-09-01,,,203.748,,,200.531,,198.841,188.921,,,,187.721
1983-10-01,,,204.921,,,201.939,,198.642,190.144,,,,188.186
1983-11-01,,,206.41,,,202.883,,198.801,191.993,,,,188.685
1983-12-01,,,207.835,,,203.25,,199.32,193.764,,,,189.344
1984-01-01,,,208.653,,,203.544,,200.105,194.99,,,,190.166
1984-02-01,,,208.851,,,203.997,,201.025,195.592,,,,191.127
1984-03-01,,,208.648,,,204.611,,201.695,195.463,,,,192.124
1984-04-01,,,208.259,,,205.3,,201.961,194.861,,,,193.058
1984-05-01,,,208.033,,,205.499,,202.164,194.451,,,,193.963
1984-06-01,,,208.262,,,205.167,,202.609,194.703,,,,194.946
1984-07-01,,,208.859,,,205.241,,203.454,195.64,,,,195.866
1984-08-01,,,209.834,,,206.259,,204.916,196.746,,,,196.613
1984-09-01,,,211.311,,,208.102,,207.012,197.655,,,,197.584
1984-10-01,,,213.212,,,210.277,,209.164,198.869,,,,199.074
1984-11-01,,,215.37,,,211.743,,210.819,200.845,,,,200.688
1984-12-01,,,217.582,,,211.922,,211.837,203.43,,,,201.947
1985-01-01,,,219.518,,,211.825,,212.443,206.092,,,,202.732
1985-02-01,,,220.983,,,212.457,,213.098,207.933,,,,203.059
1985-03-01,,,221.696,,,213.73,,214.081,208.21,,,,203.352
1985-04-01,,,221.273,,,215.005,,215.043,207.546,,,,204.137
1985-05-01,,,220.173,,,215.66,,215.362,207.019,,,,205.252
1985-06-01,,,219.426,,,215.846,,215.176,207.013,,,,206.301
1985-07-01,,,219.717,,,216.671,,215.159,207.498,,,,207.157
1985-08-01,,,221.312,,,218.804,,215.817,208.314,,,,207.954
1985-09-01,,,223.891,,,221.579,,217.405,209.309,,,,209.008
1985-10-01,,,226.486,,,223.651,,219.461,210.498,,,,210.471
1985-11-01,,,228.371,,,224.111,,220.782,211.457,,,,211.922
1985-12-01,,,229.5,,,223.263,,220.987,211.829,,,,212.964
1986-01-01,,,230.092,,,222.34,,221.09,212.205,,,,213.551
1986-02-01,,,230.538,,,222.35,,221.826,213.128,,,,213.782
1986-03-01,,,230.929,,,223.495,,223.324,214.524,,,,214.068
1986-04-01,,,231.132,,,225.279,,225.193,216.401,,,,214.795
1986-05-01,,,231.151,,,226.917,,226.369,218.216,,,,215.774
1986-06-01,,,231.155,,,227.753,,226.487,219.19,,,,216.666
1986-07-01,,,231.519,,,228.003,,226.682,219.664,,,,217.494
1986-08-01,,,232.696,,,228.667,,227.799,220.215,,,,218.431
1986-09-01,,,234.671,,,230.284,,229.5,220.646,,,,219.46
1986-10-01,,,236.909,,,232.08,,231.166,220.909,,,,220.458
1986-11-01,,,238.961,,,233.323,,232.126,221.499,,,,221.328
1986-12-01,,,240.3,,,233.923,,232.279,222.786,,,,222.093
1987-01-01,,,240.947,,,234.1,,232.425,224.626,,,,222.789
1987-02-01,,,241.422,,,234.557,,233.24,226.366,,,,223.492
1987-03-01,,,242.133,,,235.896,,234.511,227.247,,,,224.3
1987-04-01,,,243.294,,,237.533,,235.595,226.988,,,,225.184
1987-05-01,,,244.737,,,238.578,,236.045,226.251,,,,226.042
1987-06-01,,,246.045,,,239.251,,235.75,226.126,,,,226.847
1987-07-01,,,246.343,,,240.388,,236.665,226.914,,,,227.68
1987-08-01,,,246.244,,,242.315,,238.606,228.188,,,,228.586
1987-09-01,,,247.384,,,244.732,,241.075,229.509,,,,229.473
1987-10-01,,,249.904,,,246.895,,243.114,230.733,,,,230.231
1987-11-01,,,251.363,,,247.957,,243.211,231.81,,,,230.857
1987-12-01,,,251.984,,,247.793,,241.645,232.692,,,,232.013
1988-01-01,,,252.403,,,247.897,,242.271,233.277,,,,231.828
1988-02-01,,,253.447,,,249.812,,242.989,233.742,,,,230.814
1988-03-01,,,253.98,,,252.885,,245.929,234.258,,,,230.318
1988-04-01,,,254.058,,,255.199,,248.866,234.961,,,,230.836
1988-05-01,,,253.561,,,255.969,,250.953,236.051,,,,230.872
1988-06-01,,,253.515,,,255.25,,250.308,237.096,,,,232.581
1988-07-01,,,254.184,,,253.61,,251.014,237.53,,,,234.876
1988-08-01,,,255.353,,,252.744,,251.758,237.695,,,,236.567
1988-09-01,,,257.438,,,253.513,,253.709,238.464,,,,236.772
1988-10-01,,,259.764,,,254.768,,255.8,240.236,,,,236.784
1988-11-01,260.854,,262.362,,,255.733,,256.896,242.813,,,,236.817
1988-12-01,261.405,,262.621,,,256.616,,257.024,245.35,,,,238.164
1989-01-01,261.994,,262.841,,,257.064,,255.932,246.956,,,,239.186
1989-02-01,262.583,,262.937,,,256.84,,254.728,247.617,,,,239.879
1989-03-01,263.207,,263.296,,,256.591,,254.877,246.787,,,,240.627
1989-04-01,263.888,,262.139,,,256.929,,256.334,245.621,,,,241.917
1989-05-01,264.645,,261.916,,,258.133,,257.542,244.278,,,,243.092
1989-06-01,265.415,,261.366,,,260.058,,257.903,243.973,,,,244.243
1989-07-01,266.156,,261.418,,,262.253,,258.54,244.187,,,,245.355
1989-08-01,266.958,,261.75,,,264.183,,259.752,245.609,,,,246.214
1989-09-01,268.048,,263.337,,,265.207,,261.399,246.642,,,,247.477
1989-10-01,269.477,,265.146,,,265.125,,263.015,248.166,,,,248.399
1989-11-01,271.028,,268.198,,,264.603,,263.882,249.111,,,,248.88
1989-12-01,272.386,,271.291,,,264.815,,263.795,250.265,,,,249.228
1990-01-01,273.328,,272.86,,,264.073,,263.381,251.248,,,,249.78
1990-02-01,273.816,,271.882,,,264.271,,262.499,252.34,,,,250.078
1990-03-01,273.936,,270.385,,,264.331,,261.683,252.455,,,,250.453
1990-04-01,273.809,,268.811,,,264.279,,261.797,252.281,,,,251.34
1990-05-01,273.474,,267.517,,,263.158,,262.723,252.526,,,,252.188
1990-06-01,273.02,,266.667,,,262.774,,263.364,253.256,,,,253.058
1990-07-01,272.657,,266.943,,,263.043,,263.744,253.931,,,,253.812
1990-08-01,272.612,,267.225,,,263.66,,264.094,254.894,,,,254.591
1990-09-01,272.818,,267.608,,,264.762,,263.986,255.839,,,,255.33
1990-10-01,273.044,,268.342,,,265.79,,264.006,256.528,,,,256.068
1990-11-01,273.162,,269.715,,,267.077,,264.874,257.191,,,,256.791
1990-12-01,273.281,,270.925,,,266.953,,265.708,258.155,,,,257.171
1991-01-01,273.494,,272.038,,,266.345,,265.665,259.331,,,,257.461
1991-02-01,273.783,,272.324,,,265.89,,265.183,260.356,,,,257.623
1991-03-01,273.936,,271.696,,,266.464,,264.996,259.932,,,,257.855
1991-04-01,273.699,,270.415,,,267.342,,265.212,259.454,,,,258.148
1991-05-01,273.157,,269.317,,,266.874,,265.473,259.395,,,,258.714
1991-06-01,272.835,,268.985,,,266.657,,265.532,259.379,267.785,,,259.221
1991-07-01,273.209,,269.41,,,267.217,,265.082,259.377,265.293,,,259.766
1991-08-01,274.13,,269.413,,,267.152,,265.262,260.034,263.422,,,260.699
1991-09-01,275.091,,269.859,,,266.767,,265.921,260.281,262.148,,,261.407
1991-10-01,275.767,,271.272,,,267.938,,266.498,260.544,261.468,,,261.454
1991-11-01,276.173,,273.014,,,269.947,,267.194,260.649,261.376,,,261.43
1991-12-01,276.416,,274.394,,,269.64,,267.83,260.618,261.441,,,261.686
1992-01-01,276.549,,274.181,,,269.227,,267.976,261.3,261.516,,,262.052
1992-02-01,276.525,,273.551,,,268.837,,267.78,262.287,261.814,,,262.21
1992-03-01,276.311,,272.751,,,269.028,,268.149,262.651,262.22,,,262.742
1992-04-01,276.028,,273.201,,,268.883,,268.267,262.582,262.516,,,262.915
1992-05-01,276.015,,272.589,,,270.104,,268.471,262.684,262.644,,,262.877
1992-06-01,276.437,,271.928,,,270.513,,268.525,262.835,262.88,,,262.827
1992-07-01,277.09,,270.892,,,270.509,,268.471,263.302,263.657,,,263.26
1992-08-01,277.647,,270.549,,,270.659,,268.23,263.649,264.745,,,263.942
1992-09-01,278.032,,270.983,,,272.053,,268.233,263.924,265.469,,,264.54
1992-10-01,278.274,,271.868,,,273.222,,268.277,263.982,265.656,,,264.593
1992-11-01,278.442,,273.177,,,272.596,,268.559,264.637,265.585,,,264.764
1992-12-01,278.546,,274.424,,,271.447,,269.957,265.99,265.323,,,264.99
1993-01-01,278.517,,275.76,,,271.657,,271.275,266.391,264.624,,,264.615
1993-02-01,278.224,,274.957,,,271.859,,270.078,265.981,263.451,,,264.251
1993-03-01,277.633,,273.327,,,271.501,,268.373,265.752,262.483,,,264.493
1993-04-01,276.946,,271.862,,,272.39,,268.507,265.391,262.368,,,264.257
1993-05-01,276.438,,271.089,,,272.417,,269.147,264.486,262.834,,,264.263
1993-06-01,276.12,,270.334,,,271.093,,269.2,265.22,263.325,,,265.07
1993-07-01,275.876,,270.458,,,270.181,,269.185,266.059,263.771,,,265.438
1993-08-01,275.811,,270.838,,,270.897,,269.102,266.333,264.205,,,265.155
1993-09-01,276.113,,271.098,,,271.406,,269.145,265.709,264.858,,,265.109
1993-10-01,276.685,,272.036,,,272.281,,269.698,265.063,265.781,,,265.331
1993-11-01,277.279,,273.66,,,272.439,,269.941,265.194,266.273,,,265.566
1993-12-01,277.712,,274.487,,,271.673,,269.851,266.348,265.652,,,265.461
1994-01-01,277.876,,274.071,,,270.4,,269.287,266.849,264.557,,,265.322
1994-02-01,277.657,,273.811,,,269.652,,269.288,267.063,263.95,,,264.998
1994-03-01,276.975,,273.559,,,269.898,,269.771,266.707,263.901,,,264.556
1994-04-01,275.832,,272.67,,,270.148,,269.847,266.457,264.18,,,263.751
1994-05-01,274.406,,271.375,,,270.226,,269.247,265.91,264.888,,,263.785
1994-06-01,273.086,,270.906,,,269.982,,268.776,265.701,265.926,,,264.7
1994-07-01,272.241,,271.066,,,270.794,,268.883,265.302,266.822,,,265.599
1994-08-01,271.94,,271.039,,,270.926,,269.005,265.525,267.27,,,265.816
1994-09-01,271.983,,270.919,,,270.698,,269.269,265.942,267.325,,,265.968
1994-10-01,272.119,,271.356,,,270.323,,269.921,265.817,266.209,,,265.826
1994-11-01,272.189,,272.945,,,270.498,,269.847,265.326,264.725,,,265.619
1994-12-01,272.761,,272.067,,,269.417,,268.333,264.753,263.766,,,264.956
1995-01-01,272.423,,270.606,,,268.412,,267.636,265.185,263.801,,,264.299
1995-02-01,271.086,,269.727,,,267.925,,267.917,265.398,263.566,,,264.943
1995-03-01,270.15,,269.863,,,268.338,,267.517,265.567,263.372,,,264.819
1995-04-01,270.318,,268.991,,,268.649,,266.905,265.506,263.055,,,264.25
1995-05-01,269.806,,269.135,,,268.472,,267.415,265.175,263.428,,,263.721
1995-06-01,269.187,,268.641,,,268.026,,267.449,264.509,263.898,,,264.144
1995-07-01,268.752,,268.187,,,268.079,,267.222,264.126,263.974,,,263.666
1995-08-01,268.717,,267.842,,,268.369,,267.259,264.165,264.22,,,263.691
1995-09-01,269.018,,267.883,,,268.143,,267.499,264.095,264.63,,,263.762
1995-10-01,269.651,,268.517,,,268.332,,267.395,264.203,264.57,,,264.055
1995-11-01,269.617,,268.962,,,268.791,,267.517,264.613,263.998,,,263.971
1995-12-01,269.032,,268.628,,,268.575,,267.348,265.038,263.333,,,263.176
1996-01-01,268.691,,268.195,,,267.694,266.346,266.86,264.609,262.68,,,262.965
1996-02-01,268.756,,268.335,,,267.64,267.14,266.723,264.319,262.616,,,262.865
1996-03-01,268.48,,268.283,,,267.769,267.458,266.823,264.327,262.943,,,262.853
1996-04-01,268.155,,268.217,,,267.5,267.368,266.824,264.6,263.235,,,262.586
1996-05-01,267.836,,268.069,,,267.169,267.055,266.567,264.435,263.204,,,262.584
1996-06-01,267.888,,267.525,,,266.796,266.718,266.432,264.426,262.901,,,262.651
1996-07-01,267.56,,266.898,,,266.732,266.306,266.242,264.16,262.764,,,263.015
1996-08-01,266.976,,266.481,,,266.799,266.301,266.261,263.988,263.048,,,262.939
1996-09-01,266.637,,266.256,,,267.095,266.233,266.249,263.713,262.833,,,262.667
1996-10-01,266.933,,266.185,,,266.986,266.114,266.276,263.767,262.589,,,262.583
1996-11-01,267.11,,266.628,,,266.884,266.16,266.391,264.161,262.615,,,262.656
1996-12-01,267.145,,267.049,,,266.537,266.04,266.231,264.494,262.615,,,262.615
1997-01-01,266.992,,267.102,,,266.392,266.054,266.277,264.107,262.344,,,262.606
1997-02-01,266.917,,266.759,,,266.13,265.862,266.116,263.865,262.372,,,262.27
1997-03-01,266.917,,266.289,,,265.814,265.842,265.752,264.009,262.65,,,261.578
1997-04-01,266.668,,265.892,,,265.5,265.484,265.224,263.922,262.43,,,261.435
1997-05-01,266.138,,265.614,,,265.34,265.506,265.246,263.41,262.29,,,261.526
1997-06-01,265.906,,265.301,,,265.614,264.963,264.9,263.462,262.281,,,261.623
1997-07-01,265.387,,264.835,,,265.702,264.661,264.763,263.384,262.191,,,261.821
1997-08-01,264.947,,264.371,,,265.377,264.464,264.752,262.893,262.013,,,261.97
1997-09-01,264.798,,264.517,,,265.172,264.853,264.915,262.729,262.13,,,261.702
1997-10-01,265.065,,265.196,,,265.431,264.982,264.999,262.934,262.026,,,261.677
1997-11-01,265.474,,265.471,,,265.626,265.088,265.276,262.67,261.78,,,261.537
1997-12-01,265.459,,265.249,,,265.606,264.919,264.865,262.91,261.498,,,261.363
1998-01-01,265.267,,265.246,,,265.369,265.134,264.596,262.932,261.194,,,261.472
1998-02-01,265.301,,265.293,,,264.887,265.025,264.417,262.318,260.916,,,261.37
1998-03-01,265.239,,264.948,,,264.49,264.491,264.372,261.299,260.66,,,260.795
1998-04-01,264.499,,264.725,,,264.153,263.613,264.099,261.206,260.167,,,260.396
1998-05-01,264.446,,264.549,,,263.649,263.449,263.837,261.181,259.988,,,260.49
1998-06-01,264.468,,263.801,,,263.295,263.255,263.336,261.095,260.233,,,260.733
1998-07-01,263.99,,262.829,,,263.639,263.124,263.157,260.942,260.772,,,260.971
1998-08-01,263.262,,262.351,,,264.107,263.022,263.086,261.09,261.039,,,260.856
1998-09-01,263.471,,262.345,,,263.895,263.386,263.012,261.363,261.111,,,260.547
1998-10-01,263.813,,262.658,264.94,,263.589,263.522,263.347,261.885,261.201,,,260.574
1998-11-01,264.194,,262.837,263.684,,263.804,263.555,263.801,262.07,261.134,,,260.61
1998-12-01,264.239,,262.924,264.29,,263.848,263.522,263.81,261.825,260.802,,,260.65
1999-01-01,264.104,,262.831,264.24,,263.528,263.366,263.624,261.574,260.386,,,260.443
1999-02-01,263.957,,262.532,263.697,,263.072,263.006,263.581,261.359,260.127,,,260.32
1999-03-01,263.513,,262.115,262.955,,262.801,262.634,263.387,261.048,259.813,,,259.925
1999-04-01,263.128,,261.94,262.77,,262.5,262.369,263.061,260.71,259.787,,,259.7
1999-05-01,262.611,,261.597,262.407,,262.098,262.142,262.87,260.496,259.695,,,259.312
1999-06-01,261.923,,261.132,262.291,,261.609,261.765,262.52,260.18,259.444,,,259.344
1999-07-01,261.135,,260.758,261.599,,261.687,261.241,262.036,260.229,259.402,,,259.341
1999-08-01,261.46,,260.43,261.352,,261.811,261.133,261.799,260.054,259.611,,,259.315
1999-09-01,261.824,,260.316,261.274,,261.846,261.595,262.05,259.834,259.556,,,259.106
1999-10-01,261.663,,260.733,261.653,,261.929,261.947,262.23,259.647,259.616,,,259.027
1999-11-01,261.655,,261.343,261.708,,262.115,261.938,262.148,259.798,259.762,,,258.875
1999-12-01,262.078,,261.798,261.593,,262.058,261.858,261.862,259.825,259.486,,,258.629
2000-01-01,262.291,,262.01,261.416,,261.733,261.668,261.558,260.011,259.004,,,258.381
2000-02-01,262.207,,261.974,261.301,,261.392,261.56,261.344,260.059,258.803,,,257.909
2000-03-01,262.036,,261.622,261.209,,261.304,261.041,261.189,259.562,258.413,,,257.739
2000-04-01,261.21,,261.194,261.045,,260.961,260.777,260.773,258.727,257.867,,,257.774
2000-05-01,260.66,,261.055,260.887,,260.614,260.539,260.314,257.962,257.561,,,257.884
2000-06-01,260.852,,260.947,260.782,,260.773,260.233,260.168,257.661,257.455,,,257.803
2000-07-01,260.678,,260.586,260.367,,261.065,259.828,260.122,257.704,257.364,,,257.929
2000-08-01,260.174,,260.021,259.906,,260.812,259.794,260.058,257.721,257.341,,,258.008
2000-09-01,259.842,,259.971,259.875,,260.629,259.952,260.016,257.563,257.416,,,257.811
2000-10-01,260.366,,260.211,260.148,,260.908,260.171,260.067,257.49,257.527,,,257.483
2000-11-01,260.772,,260.649,260.307,,261.057,260.215,259.957,257.473,257.496,,,257.372
2000-12-01,260.706,,260.789,260.325,,261.031,260.149,259.997,257.491,257.341,,,257.323
2001-01-01,260.569,,260.756,260.139,,260.937,260.067,259.815,257.628,256.881,,,256.881
2001-02-01,260.727,,260.504,259.928,,260.954,259.856,259.609,257.555,256.314,,,256.642
2001-03-01,260.274,,260.335,259.735,,260.581,259.436,259.215,257.271,255.71,,255.68,256.278
2001-04-01,259.879,,259.989,259.682,,259.906,259.199,258.852,256.779,255.68,,255.23,255.897
2001-05-01,259.859,,259.612,259.689,,259.223,259.011,258.657,256.298,255.901,,255.23,255.58
2001-06-01,259.372,,259.174,259.265,,258.995,258.757,258.288,256.355,256.025,,255.048,255.807
2001-07-01,258.342,,258.6,258.319,,258.933,258.249,257.769,256.965,255.873,,255.402,255.891
2001-08-01,257.808,,257.982,257.73,,258.687,258.029,257.452,257.117,255.89,,256.143,256.028
2001-09-01,257.567,,257.85,257.889,,258.497,258.133,257.582,256.618,255.825,,256.122,256.074
2001-10-01,257.989,,258.185,258.306,,258.364,258.273,257.734,256.429,255.742,,256.05,256.137
2001-11-01,258.428,,258.495,258.444,,258.33,258.417,257.799,256.47,255.666,,255.907,256.043
2001-12-01,258.794,,258.591,258.76,,258.441,258.346,257.662,256.532,255.614,,255.532,255.995
2002-01-01,258.54,,258.538,258.913,,258.329,258.083,257.336,256.581,255.293,,255.264,255.974
2002-02-01,258.314,,258.406,258.843,258.8,258.212,257.752,257.052,256.696,255.214,,255.183,255.767
2002-03-01,258.034,,258.182,258.447,258.218,257.993,257.915,256.833,256.321,254.854,,254.782,255.447
2002-04-01,257.847,,257.878,258.018,257.646,257.525,257.751,256.57,255.794,254.363,,254.143,255.179
2002-05-01,257.482,,257.468,257.444,257.079,257.08,257.242,256.357,255.251,253.957,,253.777,254.604
2002-06-01,257.057,,257.045,257.067,256.926,257.129,256.541,256.169,254.98,254.156,,253.395,254.296
2002-07-01,256.423,,256.609,256.593,256.433,257.268,256.065,255.875,254.829,254.215,,253.603,254.477
2002-08-01,255.802,,256.09,256.013,256.266,256.943,255.971,255.622,254.625,254.066,,253.804,254.523
2002-09-01,255.941,,255.843,255.824,256.513,256.814,256.298,255.566,254.495,254.026,,253.803,254.229
2002-10-01,256.295,,255.981,255.982,256.428,256.452,256.451,255.64,254.43,253.972,,253.554,253.984
2002-11-01,256.63,,256.323,256.475,256.449,256.155,256.474,255.686,253.987,253.818,,253.443,253.772
2002-12-01,256.546,,256.288,256.354,256.307,255.816,256.152,255.538,253.623,253.146,,253.058,253.483
2003-01-01,256.402,,256.175,255.793,255.917,255.842,255.716,255.179,253.402,252.454,,252.885,253.252
2003-02-01,256.037,,256.046,255.489,255.445,255.424,255.209,254.955,253.423,251.979,,252.433,252.909
2003-03-01,255.873,,255.863,255.497,255.394,255.012,255.064,254.832,253.412,251.836,,252.392,252.64
2003-04-01,255.621,,255.614,255.221,255.098,254.63,254.68,254.646,253.345,251.706,,251.948,252.346
2003-05-01,255.343,,255.47,254.834,254.842,254.572,254.438,254.335,252.915,251.794,,252.127,252.191
2003-06-01,254.939,,255.09,254.919,254.485,254.324,254.152,254.061,252.524,251.889,,251.763,252.214
2003-07-01,254.041,,254.478,254.587,254.014,254.285,253.942,253.805,252.366,251.949,,252.189,252.291
2003-08-01,253.144,,253.833,254.01,253.618,254.411,253.694,253.748,252.22,251.97,,252.131,252.364
2003-09-01,253.049,,253.54,253.574,253.603,254.324,253.638,253.736,252.029,251.785,,251.974,252.275
2003-10-01,253.486,,253.68,253.627,253.848,254.033,253.63,253.691,251.676,251.486,,251.362,252.16
2003-11-01,253.814,,254.033,253.83,253.805,253.941,253.534,253.56,251.915,251.348,,251.544,251.971
2003-12-01,253.936,,254.135,253.694,253.746,253.784,253.374,253.469,251.872,251.233,,251.535,251.769
2004-01-01,253.816,,253.964,253.676,253.577,253.663,253.237,253.212,251.749,250.941,,251.171,251.443
2004-02-01,253.497,,253.713,253.326,253.335,253.408,252.89,252.891,251.8,250.588,,250.672,251.119
2004-03-01,253.384,,253.622,252.932,253.028,253.073,252.634,252.723,251.925,250.159,,250.14,250.907
2004-04-01,253.317,,253.585,252.539,252.806,252.903,252.698,252.623,251.671,249.92,,249.726,250.766
2004-05-01,253.177,,253.174,252.505,252.737,252.8,252.574,252.415,251.472,249.676,249.9,249.359,250.592
2004-06-01,252.689,251.438,252.605,252.507,252.371,252.291,252.016,252.115,251.132,249.513,249.79,249.145,250.512
2004-07-01,252.078,251.418,251.932,252.147,251.996,252.055,251.611,251.925,250.846,249.621,249.524,249.193,250.594
2004-08-01,251.329,251.16,251.485,251.719,251.687,252.107,251.634,251.832,250.682,249.755,250.02,249.318,250.589
2004-09-01,251.142,251.287,251.333,251.276,251.785,251.892,251.562,251.731,250.421,249.516,249.728,249.323,250.414
2004-10-01,251.324,251.355,251.574,251.3,251.449,251.811,251.259,251.7,250.177,249.063,249.423,249.175,250.229
2004-11-01,251.646,251.368,251.825,251.143,251.3,251.89,251.161,251.673,250.089,248.868,249.331,249.174,249.986
2004-12-01,251.641,251.427,251.965,251.228,251.223,251.69,251.244,251.519,250.122,248.813,249.154,249.044,249.579
2005-01-01,251.624,251.27,251.92,251.081,251.337,251.422,251.263,251.283,249.978,248.563,248.961,248.79,249.254
2005-02-01,251.516,251.291,251.715,251.222,251.235,251.407,251.034,251.077,249.927,248.161,248.868,248.152,248.817
2005-03-01,251.484,251.189,251.58,251.461,251.185,251.334,250.91,250.896,249.772,247.805,248.305,247.426,248.378
2005-04-01,251.323,251.003,251.388,251.496,250.926,251.127,250.674,250.66,249.224,247.576,248.625,247.144,248.085
2005-05-01,251.0,250.606,251.236,250.945,250.838,250.802,250.495,250.416,248.706,247.505,248.514,247.171,248.048
2005-06-01,250.637,250.122,250.991,250.731,250.611,250.328,250.041,250.177,248.429,247.427,248.378,247.297,247.993
2005-07-01,250.307,249.612,250.483,250.087,250.082,250.074,249.651,249.969,248.326,247.429,247.76,247.478,248.108
2005-08-01,249.735,249.458,249.788,249.44,249.7,250.104,249.484,249.848,248.268,247.39,247.869,247.473,248.031
2005-09-01,249.417,249.406,249.498,249.161,249.547,249.889,249.587,249.753,248.497,247.396,247.46,247.247,247.77
2005-10-01,249.372,249.269,249.677,249.455,249.626,249.556,249.58,249.698,248.401,247.248,247.475,247.12,247.58
2005-11-01,249.626,249.389,249.911,249.561,249.742,249.432,249.659,249.644,248.299,247.138,247.234,247.126,247.49
2005-12-01,249.658,249.584,249.948,249.587,249.689,249.236,249.662,249.489,248.237,246.745,247.152,247.101,247.265
2006-01-01,249.657,249.771,249.716,249.462,249.384,248.973,249.307,249.073,248.437,246.487,246.933,246.779,246.992
2006-02-01,249.366,249.385,249.48,249.208,249.327,248.922,248.841,248.499,248.447,246.236,246.737,246.523,246.642
2006-03-01,249.283,248.81,249.316,248.854,249.247,248.784,248.723,248.2,248.056,246.077,246.575,246.151,246.242
2006-04-01,249.348,248.749,249.107,248.873,249.036,248.571,248.677,248.078,247.618,245.868,246.588,245.908,245.905
2006-05-01,249.139,248.782,248.865,248.891,248.795,248.407,248.574,247.919,247.449,245.851,246.079,245.842,245.643
2006-06-01,248.558,248.066,248.494,248.496,248.331,248.445,248.343,247.593,247.188,245.955,245.797,245.725,245.571
2006-07-01,247.821,247.261,247.797,247.659,247.815,248.238,247.758,247.366,246.817,245.967,245.959,245.399,245.595
2006-08-01,247.146,246.953,247.095,247.078,247.434,247.912,247.218,247.153,246.53,245.801,246.067,245.321,245.67
2006-09-01,246.715,246.88,246.903,246.791,247.396,247.543,247.169,247.028,246.338,245.606,245.638,245.484,245.583
2006-10-01,246.85,247.358,247.126,247.096,247.377,247.5,247.337,246.936,246.089,245.467,245.349,245.197,245.468
2006-11-01,247.208,247.669,247.385,247.344,247.342,247.429,247.215,246.919,246.013,245.183,245.241,244.57,245.328
2006-12-01,247.502,247.651,247.515,247.442,247.396,247.253,247.078,246.845,245.804,244.893,244.874,244.253,245.244
2007-01-01,247.58,247.291,247.448,247.263,247.395,247.081,247.077,246.719,245.864,244.663,244.895,244.564,244.978
2007-02-01,247.219,247.067,247.356,247.218,247.122,246.879,246.936,246.586,246.035,244.504,244.891,244.534,244.563
2007-03-01,246.874,246.665,247.098,246.789,246.854,246.703,246.75,246.346,245.921,244.181,244.169,244.15,244.103
2007-04-01,246.573,246.514,246.752,246.48,246.59,246.479,246.463,245.969,245.371,243.547,243.578,243.533,243.644
2007-05-01,246.305,246.276,246.45,246.199,246.503,246.168,246.136,245.708,245.034,243.119,243.564,242.963,243.219
2007-06-01,245.914,245.828,246.245,245.873,246.385,245.897,245.595,245.579,244.72,242.947,243.584,242.584,243.015
2007-07-01,245.543,245.265,245.734,245.228,245.748,245.716,245.288,245.354,244.25,242.905,243.114,242.719,242.957
2007-08-01,245.114,245.235,245.202,244.909,245.231,245.639,245.01,245.157,244.078,242.986,242.992,242.923,242.931
2007-09-01,244.761,245.42,244.893,244.848,245.274,245.528,244.998,245.204,244.077,242.866,242.822,243.018,242.891
2007-10-01,244.778,245.6,244.993,245.065,245.354,245.508,244.961,245.269,244.197,242.719,242.848,242.996,242.921
2007-11-01,245.052,245.557,245.221,245.122,245.072,245.341,245.042,245.196,244.072,242.824,242.62,242.925,242.946
2007-12-01,245.487,245.502,245.472,245.069,245.228,245.169,245.089,245.113,244.14,242.968,242.617,242.949,242.983
2008-01-01,245.377,245.414,245.48,245.154,245.259,244.96,245.053,245.001,244.146,242.688,242.487,242.299,242.894
2008-02-01,245.103,245.196,245.33,245.217,245.055,244.795,244.744,244.768,243.932,242.309,242.365,242.01,242.442
2008-03-01,244.864,244.815,245.042,244.622,244.677,244.56,244.469,244.48,243.48,241.647,241.849,241.711,241.819
2008-04-01,244.595,244.57,244.672,244.18,244.489,244.37,243.937,244.197,243.313,241.274,241.734,241.368,241.354
2008-05-01,244.205,244.238,244.313,243.972,244.337,244.135,243.693,244.126,243.08,241.305,241.421,240.798,241.218
2008-06-01,243.806,243.65,243.966,243.467,243.875,243.871,243.51,243.985,242.676,241.379,241.359,240.733,241.137
2008-07-01,243.371,243.19,243.502,243.002,243.399,243.754,243.329,243.686,242.299,241.277,241.347,240.597,241.235
2008-08-01,242.851,243.143,243.1,242.725,243.077,243.723,243.034,243.314,242.027,241.222,241.681,240.687,241.211
2008-09-01,242.715,243.266,243.147,242.642,243.078,243.636,243.048,243.492,241.821,240.914,241.663,240.745,241.149
2008-10-01,242.908,243.503,243.48,242.761,243.146,243.498,243.196,243.595,241.883,240.841,241.428,240.454,241.044
2008-11-01,243.492,243.777,243.85,243.29,243.595,243.348,243.236,243.745,242.128,241.009,241.123,240.384,241.057
2008-12-01,243.773,243.739,243.986,243.293,243.665,243.194,242.976,243.628,242.319,240.828,241.077,240.572,241.042
2009-01-01,243.59,243.344,243.826,243.197,243.07,243.029,242.633,243.751,242.234,240.589,240.954,240.609,241.058
2009-02-01,243.195,243.088,243.616,242.985,242.565,242.874,242.564,243.345,242.105,240.456,240.697,240.212,240.807
2009-03-01,243.123,242.759,243.475,242.718,242.575,242.612,242.343,242.792,241.914,239.953,240.24,239.814,240.271
2009-04-01,243.147,242.339,243.102,242.25,242.347,242.33,242.077,242.291,241.607,239.346,239.864,239.415,239.801
2009-05-01,242.869,241.988,242.568,241.976,241.985,242.052,241.858,242.217,241.079,239.277,239.699,239.198,239.625
2009-06-01,242.128,241.689,242.145,241.572,241.751,241.77,241.659,242.002,240.655,239.23,240.112,239.151,239.55
2009-07-01,241.391,241.347,241.839,241.461,241.523,241.551,241.284,242.004,240.374,239.125,240.033,239.067,239.487
2009-08-01,240.89,241.268,241.497,241.343,241.219,241.478,241.083,242.126,240.359,239.288,239.784,239.062,239.477
2009-09-01,240.711,241.312,241.368,241.125,241.379,241.607,241.239,242.117,240.103,239.538,239.536,239.168,239.388
2009-10-01,240.905,241.483,241.5,241.123,241.67,241.71,241.634,241.982,239.912,239.573,239.58,239.094,239.299
2009-11-01,241.256,241.686,241.783,241.509,241.793,241.786,241.633,242.003,239.784,239.387,239.346,239.039,239.213
2009-12-01,241.467,241.586,241.869,241.657,241.508,241.638,241.36,241.867,239.98,239.125,239.236,239.036,239.217
2010-01-01,241.402,241.371,241.738,241.236,241.282,241.493,241.242,241.909,239.707,239.115,239.04,239.199,239.039
2010-02-01,241.164,241.023,241.528,241.023,241.172,241.324,241.036,241.712,239.611,238.725,238.796,238.743,238.643
2010-03-01,240.867,240.758,241.371,240.923,241.09,241.066,240.697,241.306,239.426,238.526,238.528,238.08,238.097
2010-04-01,240.8,240.538,241.278,240.977,240.889,240.57,240.507,240.715,239.259,238.208,238.19,237.48,237.774
2010-05-01,240.766,240.357,240.993,240.341,240.618,240.386,240.323,240.43,238.864,238.104,237.681,237.439,237.672
2010-06-01,240.239,239.755,240.459,239.906,240.208,240.24,239.956,240.0,238.687,237.916,,237.655,237.804
2010-07-01,239.6,239.327,239.816,239.527,239.833,240.03,239.669,239.867,238.608,238.115,,237.859,237.933
2010-08-01,239.284,239.093,239.281,239.173,239.334,239.784,239.325,239.718,238.413,237.686,,237.866,237.539
2010-09-01,239.106,239.132,239.067,239.153,239.277,239.827,239.343,239.715,237.983,237.427,,237.809,237.178
2010-10-01,238.986,239.447,239.222,239.51,239.508,239.801,239.429,239.749,238.067,237.332,,237.552,237.131
2010-11-01,239.27,239.858,239.54,239.568,239.715,239.885,239.198,239.551,238.257,237.252,,237.171,237.252
2010-12-01,239.613,239.771,239.814,239.317,239.343,239.721,239.066,239.221,237.989,237.149,,236.949,236.998
2011-01-01,239.546,239.374,239.786,239.263,239.077,239.461,239.085,239.002,237.523,236.952,,236.905,236.864
2011-02-01,239.267,239.255,239.495,238.971,238.863,239.194,238.734,238.855,237.566,236.476,,236.781,236.653
2011-03-01,238.837,239.148,239.138,238.767,238.631,238.974,238.417,238.628,237.233,236.081,,236.492,236.425
2011-04-01,238.647,238.843,238.967,238.441,238.52,238.788,238.262,238.431,237.048,235.983,,236.104,236.018
2011-05-01,238.585,238.492,238.687,238.03,238.604,238.608,238.146,238.093,236.844,235.759,,235.873,235.769
2011-06-01,238.304,238.132,238.255,237.686,238.386,238.404,237.901,237.9,236.573,235.839,,235.88,235.663
2011-07-01,237.416,237.69,237.682,237.475,237.711,238.316,237.613,237.838,236.238,235.859,,235.732,235.676
2011-08-01,237.021,237.417,237.275,237.345,237.369,238.349,237.247,237.715,236.352,235.728,,235.644,235.523
2011-09-01,237.024,237.584,237.194,237.515,237.395,238.216,237.306,237.609,236.248,235.496,,235.557,235.313
2011-10-01,237.285,237.971,237.355,237.735,237.607,238.055,237.513,237.487,236.153,235.588,,235.444,235.271
2011-11-01,237.611,238.29,237.75,238.09,237.598,238.017,237.753,237.453,236.022,235.286,,235.177,235.4
2011-12-01,238.036,238.169,238.0,237.636,237.676,237.801,237.503,237.38,235.884,235.168,,235.111,235.27
2012-01-01,237.809,237.679,237.856,237.022,237.624,237.529,237.207,237.25,235.846,235.088,,235.167,234.958
2012-02-01,237.517,237.171,237.573,236.602,237.347,237.038,236.962,236.989,235.954,234.95,,234.961,234.502
2012-03-01,237.268,236.739,237.475,236.769,237.117,236.873,236.926,236.829,235.72,234.563,,234.638,234.143
2012-04-01,236.865,236.539,237.268,236.582,236.876,236.792,236.457,236.57,235.049,234.07,,234.248,233.915
2012-05-01,236.426,236.162,236.772,235.981,236.451,236.534,236.18,236.296,234.573,233.877,,233.861,233.774
2012-06-01,235.813,235.677,235.984,235.119,235.841,236.23,235.712,235.899,234.358,233.945,,233.603,233.6
2012-07-01,235.183,235.093,235.298,234.673,235.208,236.028,235.235,235.544,234.271,233.93,,233.663,233.527
2012-08-01,234.725,234.837,234.924,234.777,235.038,235.935,234.97,235.405,234.165,233.718,,233.734,233.455
2012-09-01,234.783,234.845,235.029,235.144,235.429,236.012,235.382,235.667,234.01,233.753,,233.795,233.324
2012-10-01,235.083,235.162,235.401,235.313,235.707,236.112,235.574,235.692,233.792,233.467,,233.597,233.326
2012-11-01,235.801,235.541,235.903,235.631,235.881,235.862,235.597,235.768,233.677,233.344,,233.342,233.276
2012-12-01,236.175,235.649,236.014,235.862,235.959,235.706,235.595,235.885,233.872,233.198,,233.231,232.977
2013-01-01,236.054,235.537,235.917,235.81,235.788,235.502,235.571,235.859,233.955,232.969,,232.878,232.523
2013-02-01,235.751,235.262,235.734,235.192,235.462,235.224,235.265,235.438,233.807,232.654,,232.459,232.204
2013-03-01,235.549,235.007,235.411,234.76,235.232,235.1,235.013,234.982,233.554,232.345,,232.222,231.956
2013-04-01,235.35,234.714,235.191,234.679,234.999,234.891,234.637,234.682,233.334,231.962,,231.955,231.698
2013-05-01,235.129,234.539,235.139,234.768,235.046,234.661,234.519,234.432,233.0,231.983,,231.714,231.594
2013-06-01,234.815,234.122,235.076,234.417,234.789,234.582,234.395,234.094,232.598,232.189,,231.784,231.67
2013-07-01,234.496,233.727,234.592,233.989,234.185,234.557,234.084,234.01,232.527,232.126,,232.185,231.688
2013-08-01,233.973,233.433,234.009,233.901,233.97,234.483,233.967,234.285,232.512,231.956,,231.961,231.672
2013-09-01,233.737,233.639,233.888,234.1,234.295,234.497,233.889,234.373,232.481,231.77,,231.535,231.539
2013-10-01,233.997,234.001,234.266,234.003,234.576,234.51,234.04,234.264,232.117,231.681,,231.301,231.416
2013-11-01,234.522,234.299,234.679,234.274,234.547,234.587,234.188,234.215,232.076,231.863,,231.309,231.299
2013-12-01,234.623,234.225,234.772,234.116,234.412,234.514,234.191,233.927,232.169,231.405,,230.992,231.2
2014-01-01,234.612,234.047,234.582,234.008,234.149,234.13,233.732,233.519,232.106,230.805,,230.837,230.97
2014-02-01,234.498,233.645,234.258,233.784,233.884,233.893,233.562,233.478,231.732,230.688,,230.488,230.621
2014-03-01,234.352,233.402,234.039,234.039,233.84,233.907,233.551,233.587,231.391,230.723,,229.999,230.325
2014-04-01,234.175,233.367,233.938,234.064,234.001,233.927,233.564,233.657,231.027,230.549,,229.656,230.071
2014-05-01,233.938,233.313,233.858,233.913,234.155,233.788,233.671,233.504,230.545,230.458,,229.631,229.972
2014-06-01,233.802,233.204,233.817,233.579,233.894,233.557,233.279,233.285,230.577,230.463,,229.673,229.964
2014-07-01,233.728,233.19,233.627,233.58,233.666,233.36,233.092,233.063,230.874,230.638,,229.867,230.182
2014-08-01,233.563,233.161,233.434,233.384,233.687,233.434,233.227,233.288,230.959,230.765,,230.058,230.283
2014-09-01,233.255,233.132,233.336,233.393,233.911,233.644,233.594,233.395,230.647,230.6,,230.232,230.107
2014-10-01,233.388,233.588,233.633,233.495,233.879,233.535,233.646,233.349,230.686,230.278,,230.205,229.98
2014-11-01,233.724,234.02,233.923,233.586,233.929,233.456,233.744,233.271,230.623,230.143,,229.908,230.002
2014-12-01,233.947,233.936,233.943,233.576,233.657,233.243,233.445,233.099,230.669,229.924,,229.809,230.024
2015-01-01,233.653,233.585,233.747,233.734,233.259,233.032,232.858,232.823,230.761,229.931,,229.812,229.734
2015-02-01,233.447,233.344,233.594,233.444,232.756,232.699,232.488,232.433,230.936,229.693,,229.689,229.516
2015-03-01,233.206,232.722,233.233,233.056,232.697,232.609,232.474,232.26,230.823,229.777,,229.316,229.332
2015-04-01,233.029,232.374,233.004,232.841,232.865,232.394,232.699,232.256,230.482,229.725,,228.922,229.306
2015-05-01,232.863,232.535,232.926,232.862,232.973,232.321,232.614,232.24,230.025,229.704,,228.951,229.109
2015-06-01,232.703,232.387,232.718,232.568,232.687,232.242,232.541,232.072,229.714,229.56,,228.86,229.078
2015-07-01,232.158,231.72,232.062,232.218,232.182,232.124,231.994,231.772,229.544,229.4,,228.649,229.104
2015-08-01,231.588,231.598,231.539,231.667,232.101,232.085,231.732,231.667,229.496,229.138,,228.434,229.129
2015-09-01,231.499,231.847,231.534,231.637,232.412,232.299,231.962,231.743,229.415,229.108,,228.627,229.007
2015-10-01,231.956,232.179,232.024,231.985,232.611,232.412,232.439,231.841,229.293,228.955,,228.695,228.971
2015-11-01,232.567,232.461,232.585,232.587,232.427,232.339,232.263,231.629,229.13,228.783,,228.637,228.955
2015-12-01,232.694,232.554,232.774,232.611,232.5,232.18,231.787,231.401,229.191,228.647,,228.635,228.946
2016-01-01,232.418,232.213,232.388,232.284,232.269,232.019,231.59,231.188,229.44,228.712,,228.783,228.904
2016-02-01,232.09,231.823,231.928,231.863,231.953,231.642,231.614,231.022,230.039,228.573,,228.762,228.627
2016-03-01,231.965,231.495,231.692,231.637,231.864,231.26,231.576,231.088,229.961,228.327,,228.418,228.235
2016-04-01,231.994,231.292,231.661,231.613,231.806,231.279,231.56,231.092,229.55,228.142,,228.207,227.904
2016-05-01,231.809,231.067,231.64,231.576,231.719,231.423,231.689,231.119,229.209,228.145,,228.014,227.715
2016-06-01,231.573,230.814,231.513,231.459,231.79,231.361,231.477,230.934,229.08,228.065,,227.815,227.637
2016-07-01,231.519,230.592,231.185,231.341,231.683,231.25,230.965,230.629,228.858,228.101,,227.494,227.7
2016-08-01,231.133,230.487,230.787,230.888,231.181,231.408,230.844,230.542,228.793,228.164,,227.318,227.901
2016-09-01,230.619,230.507,230.731,230.86,231.153,231.426,230.972,230.728,228.721,228.022,,227.064,227.901
2016-10-01,230.615,230.84,230.982,231.415,231.469,231.53,231.33,231.026,228.503,227.752,,227.225,227.702
2016-11-01,231.419,231.318,231.441,232.045,231.786,231.6,231.419,230.844,228.448,227.625,,227.318,227.502
2016-12-01,231.874,231.393,231.607,231.755,231.658,231.61,231.369,230.636,228.59,227.509,,227.267,227.515
2017-01-01,231.75,231.072,231.592,231.316,231.408,231.331,230.962,230.352,229.079,227.22,,227.055,227.324
2017-02-01,231.264,230.6,231.311,230.844,231.052,231.215,230.636,230.088,229.062,227.1,,226.882,226.931
2017-03-01,230.902,230.395,231.001,230.633,230.804,231.009,230.4,229.873,228.388,226.948,,226.591,226.699
2017-04-01,230.579,230.335,230.571,230.488,230.846,230.948,230.331,229.955,227.889,226.733,,226.321,226.556
2017-05-01,230.434,230.142,230.37,230.264,230.848,230.635,230.339,229.928,227.683,226.568,,226.372,226.499
2017-06-01,230.53,229.848,230.358,230.222,230.875,230.304,230.455,229.787,227.598,226.796,,226.596,226.494
2017-07-01,230.216,229.819,230.258,230.207,230.675,230.169,230.281,229.724,227.529,226.937,,226.773,226.666
2017-08-01,230.008,229.906,229.889,229.99,230.523,230.551,230.227,229.854,227.683,226.979,,226.783,226.753
2017-09-01,230.101,230.072,229.845,230.183,230.503,230.758,230.378,230.083,227.667,226.988,,226.778,226.855
2017-10-01,230.567,230.533,230.353,230.79,230.913,230.604,230.61,230.185,227.817,227.181,,226.871,226.922
2017-11-01,230.716,230.897,230.797,231.061,230.858,230.407,230.305,229.966,227.837,227.286,,226.87,226.93
2017-12-01,230.844,230.679,230.788,230.787,230.542,230.322,230.239,229.904,227.749,227.15,,226.936,226.811
2018-01-01,230.629,230.334,230.636,230.532,230.364,230.283,230.2,229.753,227.966,227.127,,226.666,226.62
2018-02-01,230.26,229.934,230.308,230.079,230.252,230.047,230.081,229.545,228.295,227.013,,226.452,226.468
2018-03-01,230.064,229.794,229.941,229.86,230.055,229.816,229.965,229.171,228.342,226.718,,226.317,226.313
2018-04-01,230.08,229.763,229.764,229.782,229.929,229.658,229.917,229.041,227.876,226.649,,226.317,226.263
2018-05-01,229.975,229.479,229.69,229.77,229.962,229.569,229.857,228.96,227.47,226.62,,226.139,226.299
2018-06-01,229.576,228.668,229.368,229.32,229.577,229.283,229.306,228.841,227.096,226.402,,226.168,226.368
2018-07-01,228.997,228.572,228.932,229.012,229.091,229.301,229.05,228.681,226.985,226.421,,226.299,226.452
2018-08-01,228.461,228.159,228.524,228.644,228.86,229.476,228.621,228.778,226.959,226.623,,226.3,226.497
2018-09-01,228.459,,228.432,228.619,229.098,229.479,228.811,229.017,227.039,226.617,,226.291,226.465
2018-10-01,228.775,,228.782,229.067,229.464,229.402,229.155,229.336,227.133,226.456,,226.503,226.435
2018-11-01,229.172,,229.221,229.75,229.684,229.479,229.584,229.342,227.161,226.391,,,226.481
2018-12-01,229.454,,229.388,229.491,229.398,229.24,229.29,229.186,226.868,226.193,,,226.439
2019-01-01,229.208,,229.18,228.761,228.862,228.908,228.408,229.028,226.78,225.749,,,226.204
2019-02-01,229.233,,228.749,229.095,228.71,228.897,228.295,228.585,227.333,225.95,,,225.877
2019-03-01,,,228.775,228.855,228.695,228.34,228.857,228.472,227.041,225.74,,,225.588
2019-04-01,,,228.252,,,,,228.091,227.306,,,,225.489
2019-05-01,,,,,,,,,,,,,
2019-06-01,,,,,,,,,,,,,
2019-07-01,,,,,,,,,,,,,
2019-08-01,,,,,,,,,,,,,
2019-09-01,,,,,,,,,,,,,
2019-10-01,,,,,,,,,,,,,
2019-11-01,,,,,,,,,,,,,
2019-12-01,,,,,,,,,,,,,
2020-01-01,,,,,,,,,,,,,
2020-02-01,,,,,,,,,,,,,
2020-03-01,,,,,,,,,,,,,
2020-04-01,,,,,,,,,,,,,
2020-05-01,,,,,,,,,,,,,
2020-06-01,,,,,,,,,,,,,
2020-07-01,,,,,,,,,,,,,
2020-08-01,,,,,,,,,,,,,
2020-09-01,,,,,,,,,,,,,
2020-10-01,,,,,,,,,,,,,
2020-11-01,,,,,,,,,,,,,
2020-12-01,,,,,,,,,,,,,
